DateKey,Date,Year,Month,Day,DayOfWeek
1,2024-03-01,2024,March,1,Friday
2,2024-03-02,2024,March,2,Saturday
3,2024-03-03,2024,March,3,Sunday
4,2024-03-04,2024,March,4,Monday
5,2024-03-05,2024,March,5,Tuesday
6,2024-03-06,2024,March,6,Wednesday
7,2024-03-07,2024,March,7,Thursday
8,2024-03-08,2024,March,8,Friday
9,2024-03-09,2024,March,9,Saturday
10,2024-03-10,2024,March,10,Sunday
11,2024-03-11,2024,March,11,Monday
12,2024-03-12,2024,March,12,Tuesday
13,2024-03-13,2024,March,13,Wednesday
14,2024-03-14,2024,March,14,Thursday
15,2024-03-15,2024,March,15,Friday
16,2024-03-16,2024,March,16,Saturday
17,2024-03-17,2024,March,17,Sunday
18,2024-03-18,2024,March,18,Monday
19,2024-03-19,2024,March,19,Tuesday
20,2024-03-20,2024,March,20,Wednesday
